kind,registration,cash_price_source,vat,old_monthly_source,old_monthly_GBP,proposed_monthly_GBP,monthly_change_GBP,proposed_listing_text,status,reasons,wix_listing_record_id,wix_listing_updated
"car","DA67PHV","£9,795","NO VAT","FROM £205 P/M","205","206","1","FROM £206 P/M","READY","","633ad9a8-f640-455b-a2e6-69e39fccccb0","2026-10-06T06:52:00.870Z"
"car","HK72DFJ","£13,750","NO VAT","FROM £287 P/M","287","289","2","FROM £289 P/M","READY","","5e452d17-cf51-4ab4-85b1-a6194143add1","2026-10-06T06:56:46.917Z"
"car","HN69VZB","£12,799","NO VAT","FROM £267 P/M","267","269","2","FROM £269 P/M","READY","","2d4a09e3-b74d-427d-9c45-b69867b57b22","2026-10-06T06:59:39.618Z"
"car","JM10ASM","£13,995","NO VAT","FROM £292 P/M","292","294","2","FROM £294 P/M","HOLD","DETAIL_MONTHLY_MISMATCH (£307 detail vs £292 listing)","fe38260a-6bfd-4d33-a6e7-54ba098eb287","2026-10-06T06:52:54.004Z"
"car","JW69SMW","£18,550","NO VAT","FROM £387 P/M","387","390","3","FROM £390 P/M","READY","","60679fba-c9af-4deb-8951-8ec8a293656a","2026-10-06T06:54:32.978Z"
"car","LL71NJV","£16,495","NO VAT","FROM £344 P/M","344","347","3","FROM £347 P/M","READY","","54102131-eaa4-4085-afde-af5c5bbd862d","2026-10-06T06:53:40.809Z"
"car","LM70YPT","£16,495","NO VAT","FROM £344 P/M","344","347","3","FROM £347 P/M","HOLD","DETAIL_CASH_PRICE_MISMATCH (£16995 detail vs £16495 listing)","4906a30b-1583-4970-8025-59fb2ca882e8","2026-10-06T06:58:37.662Z"
"car","MT18UFR","£21,995","NO VAT","FROM £459 P/M","459","462","3","FROM £462 P/M","HOLD","MALFORMED_DETAIL_CASH_PRICE (£21.995 detail vs £21,995 listing)","825cbf72-a075-4d97-b997-d6c682d2eed6","2026-10-06T06:50:54.792Z"
"car","PE71YTG","£34,995","NO VAT","FROM £730 P/M","730","735","5","FROM £735 P/M","READY","","9c069b80-828a-4c98-bde4-80723201efe1","2026-10-06T07:00:27.100Z"
"car","RX73JBV","£11,999","NO VAT","FROM £250 P/M","250","252","2","FROM £252 P/M","READY","","5ed3ef6a-d118-4d52-b35f-f4c942a9aedc","2026-10-06T06:55:16.803Z"
"car","VE21LHM","£14,995","NO VAT","FROM £313 P/M","313","315","2","FROM £315 P/M","READY","","77dd5dc3-b34a-4fa0-ba9d-547b648e63fa","2026-10-06T06:57:33.868Z"
"car","YH25XCC","£72,400","NO VAT","FROM £1509 P/M","1509","1520","11","FROM £1520 P/M","READY","","aabe5994-36ba-4872-8b3c-42e04b3c2a51","2026-10-06T10:59:22.038Z"
"van","AE68WCF","£8,495","N/A","FROM £177 P/M","177","179","2","FROM £179 P/M","READY","","22180c25-bb29-4ea6-ad13-ba5262e71272","2026-10-04T18:01:24.158Z"
"van","AF21UYR","£18,995","+VAT","FROM £396 P/M","396","399","3","FROM £399 P/M","READY","","df123c8e-462d-487b-9e29-0bf0c8ff501f","2026-10-04T18:09:41.890Z"
"van","AF22SYZ","£11,495","+VAT","FROM £240 P/M","240","242","2","FROM £242 P/M","READY","","ee331adc-0f57-440f-af37-1ffe84bd281e","2026-10-05T10:52:13.594Z"
"van","AF71TVY","£13,995","+VAT","FROM £292 P/M","292","294","2","FROM £294 P/M","READY","","0d11ecc7-76ee-4654-aa8f-465bbaedfd0b","2026-10-05T10:53:22.354Z"
"van","AK72TFA","£13,495","+VAT","FROM £282 P/M","282","284","2","FROM £284 P/M","READY","","b63de00b-75ef-4eb1-9e4e-95eb5b6596bb","2026-10-04T17:32:09.374Z"
"van","AP72OEX","£14,995","+VAT","FROM £313 P/M","313","315","2","FROM £315 P/M","READY","","708cc05d-5a31-4d88-8949-a37f53a7fe8a","2026-10-08T14:52:18.451Z"
"van","AX72BKV","£9,595","+VAT","FROM £200 P/M","200","202","2","FROM £202 P/M","READY","","2af34079-4d60-42ae-8d39-708edc43a2b3","2026-10-08T12:29:08.260Z"
"van","BA68ZCY","£8,995","+VAT","FROM £188 P/M","188","189","1","FROM £189 P/M","READY","","40165b36-3829-48bc-8ec5-3da619c74386","2026-10-04T15:19:18.624Z"
"van","BD21HCX","£13,995","+VAT","FROM £292 P/M","292","294","2","FROM £294 P/M","READY","","00a7c2ef-e2c1-4fab-9b25-d68752edaf7c","2026-10-04T18:47:23.875Z"
"van","BD68OTL","£13,995","+VAT","FROM £292 P/M","292","294","2","FROM £294 P/M","READY","","c75c3c50-dfd1-4584-a6f2-8640a9c4c8ba","2026-10-05T10:54:23.464Z"
"van","BD73DXK","£22,995","+VAT","FROM £480 P/M","480","483","3","FROM £483 P/M","READY","","25a3d2d1-b3d7-49c4-8b62-e47376633b0b","2026-10-08T14:04:27.118Z"
"van","BG21PRZ","£11,495","+VAT","FROM £240 P/M","240","242","2","FROM £242 P/M","READY","","55631f07-6927-4e7d-a160-71064917f63f","2026-10-04T17:30:41.151Z"
"van","BG71TVK","£15,995","+VAT","FROM £334 P/M","334","336","2","FROM £336 P/M","READY","","c052d73d-add4-4dc2-9ac8-2f4a407d52ef","2026-10-05T10:56:32.260Z"
"van","BJ74HTL","£17,495","+VAT","FROM £365 P/M","365","368","3","FROM £368 P/M","READY","","ade5f8cb-8f4b-4a63-91cf-229080e57a5f","2026-10-04T16:47:55.007Z"
"van","BK22NWX","£19,995","+VAT","FROM £417 P/M","417","420","3","FROM £420 P/M","READY","","e8e81535-b2be-4925-b2e4-a4622d94ae6e","2026-10-05T12:13:36.532Z"
"van","BK72DVG","£16,495","+VAT","FROM £344 P/M","344","347","3","FROM £347 P/M","READY","","0c8bafd3-a09c-4c1e-9485-58177b30d321","2026-09-11T17:56:25.883Z"
"van","BL21LVN","£6,295","+VAT","FROM £132 P/M","132","133","1","FROM £133 P/M","READY","","bedda786-1db3-4164-bca7-a8f96de541dd","2026-10-05T13:27:08.625Z"
"van","BL21SLV","£15,995","+VAT","FROM £334 P/M","334","336","2","FROM £336 P/M","READY","","c3064093-5ddd-49b9-84a4-62c31a992baf","2026-10-05T11:55:20.876Z"
"van","BL21XWM","£18,495","+VAT","FROM £386 P/M","386","389","3","FROM £389 P/M","READY","","28172e2f-d45e-4ece-8349-410d495b023b","2026-10-04T17:34:02.465Z"
"van","BL22GFG","£14,995","+VAT","FROM £313 P/M","313","315","2","FROM £315 P/M","READY","","dc9d066c-74e6-4aa9-a561-8e4a35013feb","2026-10-05T12:41:30.202Z"
"van","BL22VAH","£13,495","+VAT","FROM £282 P/M","282","284","2","FROM £284 P/M","READY","","8b88a899-52f6-42d2-8fcf-8406f0f8424a","2026-10-05T08:17:24.232Z"
"van","BL71PNF","£12,995","+VAT","FROM £271 P/M","271","273","2","FROM £273 P/M","READY","","d5e909ed-dbb8-4ec2-84cd-6983e68ed9fe","2026-10-05T12:08:58.559Z"
"van","BL73UDY","£14,995","+VAT","FROM £313 P/M","313","315","2","FROM £315 P/M","READY","","a35b9931-e1ae-41cc-bc9c-0d79a92216e5","2026-10-08T11:46:52.779Z"
"van","BN20OWP","£16,995","+VAT","FROM £355 P/M","355","357","2","FROM £357 P/M","READY","","e92140f3-70f4-4160-8759-5fe3fcb20ceb","2026-10-04T17:15:12.059Z"
"van","BP73XUH","£22,495","+VAT","FROM £467 P/M","467","473","6","FROM £473 P/M","READY","","bc572da7-5557-4154-90df-8cc80202de27","2026-10-05T11:02:42.867Z"
"van","BT25LVK","£18,495","+VAT","FROM £386 P/M","386","389","3","FROM £389 P/M","READY","","0d94d0af-4923-4d73-807d-3b3206ea1a1d","2026-10-07T13:39:29.802Z"
"van","BT73YXV","£19,995","+VAT","FROM £417 P/M","417","420","3","FROM £420 P/M","READY","","9ce86989-3412-4251-9d64-7f31a96f2c33","2026-10-05T11:27:24.905Z"
"van","BT74HLM","£17,495","+VAT","FROM £365 P/M","365","368","3","FROM £368 P/M","READY","","99581651-5170-4f01-8f87-36b99ca97a3f","2026-10-05T18:05:07.949Z"
"van","BU21GKL","£12,995","+VAT","FROM £271 P/M","271","273","2","FROM £273 P/M","READY","","b720db5a-e849-496e-8891-f373ac7cd0f8","2026-10-06T15:51:39.807Z"
"van","CK22FXD","£13,495","+VAT","FROM £282 P/M","282","284","2","FROM £284 P/M","READY","","16bb2384-c348-407e-82ce-fa87aa84e5ad","2026-10-04T17:53:43.269Z"
"van","CK24NRO","£22,495","+VAT","FROM £469 P/M","469","473","4","FROM £473 P/M","READY","","45d63baf-cf94-4cea-9378-6bba3d9e31f0","2026-10-05T12:03:56.861Z"
"van","CK70VAF","£10,595","+VAT","FROM £221 P/M","221","223","2","FROM £223 P/M","READY","","d518447d-bab7-4628-9f60-5fc3f12a7791","2026-10-04T17:35:30.714Z"
"van","CK72YON","£10,495","+VAT","FROM £219 P/M","219","221","2","FROM £221 P/M","READY","","3e9840e2-d145-40aa-8ad1-b1e021a96fcf","2026-10-08T13:08:21.038Z"
"van","CN20CLJ","£14,995","+VAT","FROM £313 P/M","313","315","2","FROM £315 P/M","READY","","2a84f87e-f072-4506-86dc-8f4cb5511edd","2026-10-05T12:54:00.315Z"
"van","CN21DYC","£8,495","+VAT","FROM £177 P/M","177","179","2","FROM £179 P/M","READY","","0b0541b0-0681-4d07-8740-601847a3dddb","2026-10-04T17:04:48.125Z"
"van","CN21VZH","£17,995","+VAT","FROM £375 P/M","375","378","3","FROM £378 P/M","READY","","c53f2529-70c0-4064-914b-608a82a425bc","2026-10-04T17:12:31.319Z"
"van","CU22HVD","£11,995","+VAT","FROM £250 P/M","250","252","2","FROM £252 P/M","READY","","0959e517-9b82-4211-b5af-dbd33c588688","2026-10-05T12:52:26.842Z"
"van","CV20EEJ","£11,995","+VAT","FROM £250 P/M","250","252","2","FROM £252 P/M","READY","","22736916-30fc-4305-8b15-030bac9a8820","2026-10-05T12:51:31.863Z"
"van","DK22CXN","£13,795","+VAT","FROM £288 P/M","288","290","2","FROM £290 P/M","READY","","d71f45bb-916b-4735-b906-3d13bccbfda6","2026-10-05T13:29:42.041Z"
"van","DK22CYA","£14,495","+VAT","FROM £302 P/M","302","305","3","FROM £305 P/M","READY","","0d965567-9738-4a2c-adde-312eef20c71b","2026-10-05T13:28:56.057Z"
"van","DN18ZNL","£10,495","+VAT","FROM £219 P/M","219","221","2","FROM £221 P/M","READY","","909312d6-c099-4388-8efb-eb26cc4850b3","2026-10-04T19:05:53.107Z"
"van","DN69JYP","£ 9,495","+VAT","FROM £198 P/M","198","200","2","FROM £200 P/M","READY","","f56f0ed8-d207-4492-87a6-ad665b3c006d","2026-10-05T13:27:59.940Z"
"van","DN73VTM","£16,495","+VAT","FROM £344 P/M","344","347","3","FROM £347 P/M","READY","","93a33a14-b8f2-4340-b700-99c134fb64fd","2026-10-05T13:11:59.785Z"
"van","DP23ZBG","£9,995","+VAT","FROM £209 P/M","209","210","1","FROM £210 P/M","READY","","c7766d32-7e01-48cf-ad5e-2a257cadc789","2026-10-08T13:04:39.376Z"
"van","DT70YOD","£10,995","N/A","FROM £230 P/M","230","231","1","FROM £231 P/M","READY","","ab9d6faf-f241-4d82-b2b0-a4c9436ed46f","2026-10-06T10:50:11.492Z"
"van","DY22XVX","£10,295","+VAT","FROM £215 P/M","215","217","2","FROM £217 P/M","READY","","7853c0e4-6efa-4369-b9ac-77a3fcce00b4","2026-10-05T12:35:06.599Z"
"van","DY70VXC","£6,995","+VAT","FROM £146 P/M","146","147","1","FROM £147 P/M","READY","","6807ab98-8588-4a73-8703-b11778302bbb","2026-10-05T07:13:18.408Z"
"van","EA21TSZ","£16,495","+VAT","FROM £344 P/M","344","347","3","FROM £347 P/M","READY","","a725cd96-a76a-4ed8-b1d4-50c19f1f79d3","2026-10-05T09:33:46.723Z"
"van","EA21TTE","£16,295","+VAT","FROM £340 P/M","340","343","3","FROM £343 P/M","READY","","d8aa8bb6-09b1-4de8-a2e0-21a5855ab3bb","2026-10-05T11:26:27.386Z"
"van","EA73FGG","£10,495 ","+VAT","FROM £219 P/M","219","221","2","FROM £221 P/M","READY","","fc9211ed-a1b0-4bd3-b36f-b97ab87c6c15","2026-10-05T13:20:17.733Z"
"van","EF18LCU","£12,495","+VAT","FROM £261 P/M","261","263","2","FROM £263 P/M","READY","","85124906-8da0-4a4a-9f4e-09316d0ce80f","2026-10-04T19:04:25.871Z"
"van","EF19SOJ","£19,495","+VAT","FROM £407 P/M","407","410","3","FROM £410 P/M","READY","","38f2c695-2ba7-47b6-b9ad-1a1bede56b4c","2026-10-05T11:30:03.562Z"
"van","EJ20TCU","£15,495","+VAT","FROM £323 P/M","323","326","3","FROM £326 P/M","READY","","0795dce4-7d2f-417d-b2ec-c4ac16506393","2026-10-05T11:32:22.729Z"
"van","EX22ZFA","£10,495","+VAT","FROM £219 P/M","219","221","2","FROM £221 P/M","READY","","b48cf5cb-8019-40aa-a729-3d72df609277","2026-10-05T13:24:41.086Z"
"van","FG71THN","£13,995","+VAT","FROM £292 P/M","292","294","2","FROM £294 P/M","READY","","2c2afe9a-f7cd-42e7-90af-df36ff0e0d40","2026-10-05T13:12:54.666Z"
"van","FL19OFN","£10,995","+VAT","FROM £230 P/M","230","231","1","FROM £231 P/M","READY","","c4aac5e3-dcf0-404c-9284-0890f2c2dce9","2026-10-05T13:18:05.380Z"
"van","FL71GZW","£11,495","N/A","FROM £240 P/M","240","242","2","FROM £242 P/M","READY","","3c1706b2-734e-437e-875e-ff8efcb0ad57","2026-10-04T15:05:27.439Z"
"van","FL71MEV","£17,795","+VAT","FROM £371 P/M","371","374","3","FROM £374 P/M","READY","","be08d300-1478-458e-9c06-790235a7beee","2026-10-05T11:33:16.127Z"
"van","FP72XZD","£16,495","+VAT","FROM £344 P/M","344","347","3","FROM £347 P/M","READY","","623d9cd5-506c-4c77-8572-e2d7ae5f3b70","2026-10-04T18:55:03.642Z"
"van","FV72DZA","£11,795","+VAT","FROM £246 P/M","246","248","2","FROM £248 P/M","READY","","b1258fc9-12b6-433f-8b03-26887681c04e","2026-10-05T10:49:08.059Z"
"van","FV74BBJ","£14,995","+VAT","FROM £313 P/M","313","315","2","FROM £315 P/M","READY","","fda16669-c0e8-4a63-8702-047a8c8d7aea","2026-10-04T18:08:00.697Z"
"van","FV74BEO","£15,995","+VAT","FROM £334 P/M","334","336","2","FROM £336 P/M","READY","","05a4ef8e-6466-403d-8791-40be1450df0f","2026-10-04T18:37:48.505Z"
"van","GK21SKU","£17,495","+VAT","FROM £365 P/M","365","368","3","FROM £368 P/M","READY","","4a9a6e48-cff6-4a4c-9e47-dddfdc3f6339","2026-10-05T12:50:00.065Z"
"van","GN22LOH","£12,595","+VAT","FROM £263 P/M","263","265","2","FROM £265 P/M","READY","","98d976b2-bc5f-421b-a5c8-95a3490d1d48","2026-10-08T13:43:49.852Z"
"van","GV72LZN","£ 9,995","+VAT","FROM £209 P/M","209","210","1","FROM £210 P/M","READY","","338856bf-9248-4242-b15c-38104ef3d0af","2026-10-05T10:46:56.409Z"
"van","HG21FZM","£14,995","+VAT","FROM £313 P/M","313","315","2","FROM £315 P/M","READY","","330e782f-a96c-4c49-a16a-b8703d24ec3c","2026-10-05T12:21:21.642Z"
"van","HG21VPP","£17,995","+VAT","FROM £375 P/M","375","378","3","FROM £378 P/M","READY","","bed4d54c-1763-4f6e-9cef-7e0161979a93","2026-10-04T18:06:41.859Z"
"van","HG71EFE","£15,495","+VAT","FROM £323 P/M","323","326","3","FROM £326 P/M","READY","","e98c93eb-a664-4ad5-88c3-c4d6290453f3","2026-10-05T12:36:12.847Z"
"van","HG72FVF","£12,995","+VAT","FROM £271 P/M","271","273","2","FROM £273 P/M","READY","","f3bdab75-5a96-42b5-a932-cd9989264864","2026-09-13T15:15:21.918Z"
"van","HG72FVH","£12,495","+VAT","FROM £261 P/M","261","263","2","FROM £263 P/M","READY","","60514bd1-0e58-44a0-955a-d499c268064e","2026-09-13T15:14:22.389Z"
"van","HJ22LRE","£12,295","+VAT","FROM £257 P/M","257","259","2","FROM £259 P/M","READY","","e85c5b44-e5bc-473f-ace4-ab0c90284320","2026-09-23T15:40:06.450Z"
"van","HJ22LTX","£12,995","+VAT","FROM £271 P/M","271","273","2","FROM £273 P/M","READY","","91ed6261-dd1b-4768-a453-7c97a7f2ae6f","2026-10-05T12:53:14.793Z"
"van","HJ22OJY","£19,495","+VAT","FROM £407 P/M","407","410","3","FROM £410 P/M","READY","","538cc503-4173-4904-9efd-49e3271c058e","2026-10-05T12:40:40.501Z"
"van","HK23RYO","£19,995","+VAT","FROM £417 P/M","417","420","3","FROM £420 P/M","READY","","79ac3ae2-8ecf-4595-be0c-eb26f6ba63e0","2026-10-05T13:09:17.878Z"
"van","HN22XYL","£14,995","+VAT","FROM £313 P/M","313","315","2","FROM £315 P/M","READY","","fbf085ab-0ae7-476e-a395-526137b810b5","2026-10-04T17:52:11.983Z"
"van","HN72YFJ","£22,995 ","+VAT","FROM £480 P/M","480","483","3","FROM £483 P/M","READY","","60c9f4f1-be02-4e37-9ff1-dc24de29b384","2026-10-05T07:24:24.186Z"
"van","HR19VBX","£9,995","+VAT","FROM £209 P/M","209","210","1","FROM £210 P/M","READY","","92253847-5301-405a-a26f-353614fc08ce","2026-10-05T07:15:56.956Z"
"van","HT71TCK","£13,995","+VAT","FROM £292 P/M","292","294","2","FROM £294 P/M","READY","","50033e50-c0dd-4262-ae56-7789ea641414","2026-10-04T18:48:45.174Z"
"van","HV22SXG","£14,995","+VAT","FROM £313 P/M","313","315","2","FROM £315 P/M","READY","","325a9000-4aa6-4928-8013-811b530a2e0e","2026-10-05T12:48:24.069Z"
"van","HV22UVW","£15,495 ","+VAT","FROM £323 P/M","323","326","3","FROM £326 P/M","READY","","9c5f9618-27d3-4155-ab42-126275482095","2026-10-05T12:39:42.785Z"
"van","HV22UVX","£18,495","+VAT","FROM £386 P/M","386","389","3","FROM £389 P/M","READY","","118077cc-ca99-40b3-bb23-95ca451c4f38","2026-10-05T12:20:25.430Z"
"van","HV70YFA","£17,495 ","+VAT","FROM £365 P/M","365","368","3","FROM £368 P/M","READY","","21bdc2cb-88b0-4a4b-b34b-b10365287936","2026-10-05T12:37:48.050Z"
"van","HW70RNU","£19,995","+VAT","FROM £417 P/M","417","420","3","FROM £420 P/M","READY","","4a42d9de-eb21-4fa8-a0cd-2b9f1b1b309d","2026-10-05T11:04:58.217Z"
"van","KF21ZGM","£8,495","+VAT","FROM £177 P/M","177","179","2","FROM £179 P/M","READY","","7d8ba44b-225e-43ea-b0aa-91b7c9041127","2026-10-04T18:42:02.545Z"
"van","KN70NUV","£7,495","+VAT","FROM £157 P/M","157","158","1","FROM £158 P/M","READY","","9c953208-ba4f-478e-9f05-c76f9df44253","2026-10-06T13:59:29.489Z"
"van","KY71WCO","£19,795","+VAT","FROM £413 P/M","413","416","3","FROM £416 P/M","READY","","729feaa3-9d14-4192-989e-9a1b3abf948b","2026-10-05T11:51:47.177Z"
"van","LA23FHK","£10,995","+VAT","FROM £230 P/M","230","231","1","FROM £231 P/M","READY","","daed1adb-c840-4558-aeb2-7f6c7d193d4c","2026-10-05T13:15:53.522Z"
"van","LC73DMU","£16,495","+VAT","FROM £344 P/M","344","347","3","FROM £347 P/M","READY","","be9f4a34-48f6-4b8f-bb23-2bd6d211a112","2026-10-05T12:11:49.611Z"
"van","LD20TTO","£10,495","+VAT","FROM £219 P/M","219","221","2","FROM £221 P/M","READY","","e981d597-589a-4648-8093-49c6b8208c59","2026-10-04T16:45:42.640Z"
"van","LD22XTN","£12,495","+VAT","FROM £261 P/M","261","263","2","FROM £263 P/M","READY","","727bc171-80c4-4226-b2a1-424f503881d1","2026-10-05T13:08:22.078Z"
"van","LJ72FCB","£14,995","+VAT","FROM £313 P/M","313","315","2","FROM £315 P/M","READY","","821e9473-8793-491f-8729-8e1d28476302","2026-10-05T10:50:20.235Z"
"van","LM71ZTW","£15,995","N/A","FROM £334 P/M","334","336","2","FROM £336 P/M","READY","","cab128f8-5aae-44e3-862d-3eab878bf8a2","2026-10-05T13:05:00.404Z"
"van","LO71OZK","£11,995","+VAT","FROM £250 P/M","250","252","2","FROM £252 P/M","READY","","a0db83bc-f630-4881-a23e-5c74ae107d5e","2026-10-04T18:23:18.254Z"
"van","LP71KHD","£13,995","+VAT","FROM £292 P/M","292","294","2","FROM £294 P/M","READY","","c01c60af-41c6-4aff-9364-622fa12cf91d","2026-10-04T17:09:45.648Z"
"van","LX23AYD","£14,995","+VAT","FROM £313 P/M","313","315","2","FROM £315 P/M","READY","","705a795f-276d-4a14-be51-f302a8786125","2026-10-05T13:14:56.126Z"
"van","MA20LDV","£20,495","N/A","FROM £427 P/M","427","431","4","FROM £431 P/M","READY","","5c34b69f-bc6d-4ad5-afc6-024055bcaf85","2026-10-08T11:59:30.615Z"
"van","MD22WNE","£13,795","+VAT","FROM £288 P/M","288","290","2","FROM £290 P/M","READY","","987f4335-40d6-4099-b699-f0c91760dd4c","2026-10-05T12:49:09.428Z"
"van","ME21OVF","£11,495","+VAT","FROM £240 P/M","240","242","2","FROM £242 P/M","READY","","1ecc7495-314a-49c1-b94f-eda0e0b11bb5","2026-10-08T07:31:02.011Z"
"van","MF20ZNR","£11,295","+VAT","FROM £236 P/M","236","238","2","FROM £238 P/M","READY","","94994a82-3965-4c34-9e52-f96ea3865daf","2026-10-05T11:25:34.407Z"
"van","MJ72GZV","£9,995","+VAT","FROM £209 P/M","209","210","1","FROM £210 P/M","READY","","b49ff50d-6596-46eb-b79a-ae05b941c3a7","2026-10-04T16:01:55.157Z"
"van","MM21BDX","£10,295","+VAT","FROM £215 P/M","215","217","2","FROM £217 P/M","READY","","561bc81a-d5a1-4e2b-9500-05936334e71e","2026-10-05T12:38:47.642Z"
"van","MT70NNU","£8,995","+VAT","FROM £188 P/M","188","189","1","FROM £189 P/M","READY","","159046b5-e94c-4f81-a111-667f3051a8b4","2026-10-04T17:47:07.474Z"
"van","MT71KRV","£9,495","+VAT","FROM £198 P/M","198","200","2","FROM £200 P/M","READY","","0a85816c-6f6b-48eb-9965-91cf92bfc32f","2026-10-05T07:11:48.588Z"
"van","MW73SXY","£13,995","+VAT","FROM £292 P/M","292","294","2","FROM £294 P/M","READY","","b1c88976-2c49-4a4b-80ad-c14adf829daf","2026-10-08T12:19:42.165Z"
"van","NA72VNE","£12,995","+VAT","FROM £271 P/M","271","273","2","FROM £273 P/M","READY","","aa50ec05-f7de-4d44-91fb-bd83e27f5635","2026-10-04T18:36:12.086Z"
"van","NU22ESF","£10,495","+VAT","FROM £219 P/M","219","221","2","FROM £221 P/M","READY","","3b2c7e11-2922-4c60-afd1-0e32f60ae574","2026-10-04T17:55:04.173Z"
"van","NX18YGL","£8,495","+VAT","FROM £177 MTH","177","179","2","FROM £179 P/M","READY","","b8a54352-e80e-4d21-885a-216936adb6de","2026-10-05T09:42:39.568Z"
"van","OU21CNE","£11,995","+VAT","FROM £250 P/M","250","252","2","FROM £252 P/M","READY","","fa43a5b0-69fd-4c18-8af5-578269a4673a","2026-10-05T12:34:08.971Z"
"van","OU70DNO","£10,495","+VAT","FROM £219 P/M","219","221","2","FROM £221 P/M","READY","","8845bba9-fa17-4867-83fb-279aa6b3aa27","2026-10-05T12:04:55.931Z"
"van","OY72YSJ","£21,995","+VAT","FROM £459 P/M","459","462","3","FROM £462 P/M","READY","","9506761b-f6ba-449b-8ad5-65cfa5e50668","2026-10-05T08:47:44.085Z"
"van","PJ66MUB","£9,595","+VAT","FROM £200 P/M","200","202","2","FROM £202 P/M","READY","","6741fb5e-6f57-49e3-84b0-c24be018e759","2026-10-04T18:14:58.531Z"
"van","PJ66WZN","£9,995","+VAT","FROM £209 P/M","209","210","1","FROM £210 P/M","READY","","6a076a31-6be1-48c0-9fa2-95b45775589b","2026-10-04T17:28:37.743Z"
"van","PK71XST","£18,995","+VAT","FROM £396 P/M","396","399","3","FROM £399 P/M","READY","","f4f0e936-8c88-4f34-8d30-330f1f546908","2026-10-05T09:36:50.826Z"
"van","RA21OVD","£12,495","+VAT","FROM £261 P/M","261","263","2","FROM £263 P/M","READY","","ee9fbdc3-56e8-40c4-98c8-4663d7d60a62","2026-10-04T15:17:01.860Z"
"van","RX21UPK","£15,995","N/A","FROM £334 P/M","334","336","2","FROM £336 P/M","READY","","9e836912-1c4e-4746-82b8-deb684105057","2026-10-05T11:47:58.963Z"
"van","SC19CYJ","£15,995","N/A","FROM £334 P/M","334","336","2","FROM £336 P/M","READY","","87cdf6b9-39bd-4a32-8e9a-c0b964167f74","2026-10-05T07:17:11.755Z"
"van","SF19OPM","£15,495","N/A","FROM £323 P/M","323","326","3","FROM £326 P/M","READY","","d8985c67-98ab-4b18-aee5-8f83bf03f999","2026-10-04T15:13:58.197Z"
"van","SF70TNO","£18,495","+VAT","FROM £386 P/M","386","389","3","FROM £389 P/M","READY","","41827b28-2cd9-4b8e-9839-8fe06b5e3d22","2026-10-05T11:24:37.439Z"
"van","VE23CJF","£16,595","+VAT","FROM £346 P/M","346","349","3","FROM £349 P/M","READY","","75650cb4-4b64-4c65-ab84-bc03c9c4a6d9","2026-10-05T11:31:09.941Z"
"van","VIG6973","£18,495","+VAT","FROM £386 P/M","386","389","3","FROM £389 P/M","READY","","af26fb17-ed87-4966-8821-d32dd0a690a2","2026-10-04T18:51:53.559Z"
"van","VK71PKE","£7,995","N/A","FROM £167 P/M","167","168","1","FROM £168 P/M","READY","","9d5b8768-2ca4-4b0b-907b-0c5ff487fca4","2026-10-04T17:48:07.071Z"
"van","VK72RFY","£10,995","+VAT","FROM £230 P/M","230","231","1","FROM £231 P/M","READY","","af2198e6-6373-4ba5-aa76-ca2e0bf52652","2026-10-05T13:06:14.130Z"
"van","VK72RKV","£10,795","+VAT","FROM £225 P/M","225","227","2","FROM £227 P/M","READY","","34e21ebe-71a0-4491-a19c-6d95bbdba075","2026-10-06T16:44:21.893Z"
"van","VN17VSD","£12,995","N/A","FROM £271 P/M","271","273","2","FROM £273 P/M","READY","","9de66c29-8217-46e2-a00a-1c199ee86479","2026-10-04T18:03:17.909Z"
"van","VO22PDV","£20,995","+VAT","FROM £438 P/M","438","441","3","FROM £441 P/M","READY","","fccded39-8afc-4ef4-bc4b-a1ccef9cec92","2026-10-05T12:47:28.450Z"
"van","VO23RGX","£11,995","+VAT","FROM £250 P/M","250","252","2","FROM £252 P/M","READY","","bf1bb08e-d36f-4650-8fd1-883a98c98d8a","2026-10-05T13:13:53.668Z"
"van","VU20XYC","£6,995","N/A","FROM £146 P/M","146","147","1","FROM £147 P/M","READY","","96a2748f-5545-4468-9487-1bb7cbaec044","2026-10-05T07:14:35.247Z"
"van","VX22XVN","£13,995","+VAT","FROM £292 P/M","292","294","2","FROM £294 P/M","READY","","9740fa5f-313d-4778-bbfc-15f7ddbeb0c4","2026-10-04T17:11:02.730Z"
"van","WGZ8806","£10,495","+VAT","FROM £219 P/M","219","221","2","FROM £221 P/M","HOLD","DETAIL_MONTHLY_MISMATCH (£307 detail vs £219 listing)","98e5f3d4-38a5-41db-b590-8e73e984660f","2026-10-05T07:20:58.790Z"
"van","WM73CXJ","£15,995","+VAT","FROM £344 P/M","344","336","-8","FROM £336 P/M","HOLD","DETAIL_MONTHLY_MISMATCH (£334 detail vs £344 listing)","04f497f3-5b3b-486a-bb22-5d4dad1980a6","2026-10-05T11:01:10.495Z"
"van","WN22AFO","£11,995","+VAT","FROM £250 P/M","250","252","2","FROM £252 P/M","READY","","47864953-cc1c-4a9a-bb77-db991915bb84","2026-10-05T07:25:36.415Z"
"van","WN22UAJ","£18,295","+VAT","FROM £382 P/M","382","385","3","FROM £385 P/M","READY","","7a610379-0d1e-4289-aee7-7e761e9c5740","2026-10-05T11:15:41.676Z"
"van","WP21XYH","£15,995","+VAT","FROM £334 MTH","334","336","2","FROM £336 P/M","READY","","087d6777-a222-4674-8b8d-9abaec0607cc","2026-10-05T12:24:03.282Z"
"van","WR70ANV","£13,795","+VAT","FROM £288 P/M","288","290","2","FROM £290 P/M","READY","","3cf15588-50a8-415e-8575-1677e2c56b7c","2026-10-04T18:53:28.848Z"
"van","WR70GVX","£14,995","+VAT","FROM £313 P/M","313","315","2","FROM £315 P/M","READY","","3684aa58-efed-4f70-86ed-fcbff5b8c8ef","2026-09-15T18:52:58.282Z"
"van","WR70OSB","£15,495","+VAT","FROM £323 P/M","323","326","3","FROM £326 P/M","READY","","dc0267b2-cd5b-4c59-a180-9e06c4d1600a","2026-10-05T11:23:43.210Z"
"van","WR71FOV","£11,495","+VAT","FROM £240 P/M","240","242","2","FROM £242 P/M","READY","","f955e395-2de3-4a35-bdec-1395ee91a221","2026-10-05T08:29:46.082Z"
"van","WV72PFU","£ 9,795","+VAT","FROM £205 P/M","205","206","1","FROM £206 P/M","READY","","96bc0683-872a-4284-bf57-381bbd88a15f","2026-10-05T11:49:58.564Z"
"van","XGZ4865","£10,495 ","+VAT","FROM £219 P/M","219","221","2","FROM £221 P/M","READY","","9dbbddbb-dfce-4bb1-ba73-1fdceef79069","2026-10-05T12:23:14.382Z"
"van","YE74EBK","£18,995","+VAT","FROM £396 P/M","396","399","3","FROM £399 P/M","READY","","d0974097-bd9c-49b8-a894-78b5ba24028f","2026-10-04T17:37:30.896Z"
"van","YF19FNZ","£8,995","+VAT","FROM £188 P/M","188","189","1","FROM £189 P/M","READY","","06df25ee-c7b1-40d2-acc4-5fc6fd5b0fb3","2026-09-15T09:10:32.067Z"
"van","YF19FSZ","£11,495","+VAT","FROM £240 P/M","240","242","2","FROM £242 P/M","READY","","8375277a-2f46-4cdc-80c6-b1619198991c","2026-10-05T12:31:45.631Z"
"van","YG23RPY","£11,995","+VAT","FROM £250 P/M","250","252","2","FROM £252 P/M","READY","","0abbfca5-5213-4685-8324-d5b849dceceb","2026-10-08T12:42:03.856Z"
"van","YG73AMF","£9,495","+VAT","FROM £198 P/M","198","200","2","FROM £200 P/M","READY","","230cdc6b-c75b-4e56-963d-4ee28c2f3e18","2026-10-05T13:25:30.469Z"
"van","YG73UXV","£13,995","+VAT","FROM £292 P/M","292","294","2","FROM £294 P/M","READY","","e6b85c70-0c68-473d-85d0-767fc775cd7a","2026-10-08T12:10:37.683Z"
"van","YH68KWL","£12,795","+VAT","FROM £267 P/M","267","269","2","FROM £269 P/M","READY","","ce85b473-07aa-4eb6-bfc7-db4ed9393e82","2026-10-05T11:28:44.137Z"
"van","YH72GFO","£17,495","+VAT","FROM £365 P/M","365","368","3","FROM £368 P/M","READY","","929efcfe-034e-4163-a679-27c6bfa2c132","2026-10-05T12:22:19.842Z"
"van","YH73MFN","£17,995","N/A","FROM £375 P/M","375","378","3","FROM £378 P/M","READY","","715fed3a-5abc-4c48-b478-1b12dabe407e","2026-10-04T15:42:45.038Z"
"van","YJ66XCA","£10,795","+VAT","FROM £225 P/M","225","227","2","FROM £227 P/M","READY","","6b3d3700-41c8-4a00-98aa-0ecbb5cf8f07","2026-10-04T17:46:05.300Z"
"van","YJ66XCZ","£ 9,995","+VAT","FROM £209 P/M","209","210","1","FROM £210 P/M","READY","","3d479281-cba8-4487-b79e-b0b916af55df","2026-10-05T12:33:13.668Z"
"van","YK23ZYA","£17,295","+VAT","FROM £361 P/M","361","364","3","FROM £364 P/M","HOLD","DUPLICATE_LISTING","b239952e-3a50-4c83-a0c8-0f933ff71511","2026-10-05T13:19:20.152Z"
"van","YM70CZZ","£15,795","+VAT","FROM £330 P/M","330","332","2","FROM £332 P/M","READY","","33143d06-6c39-49da-93fa-d40fcfeb6d36","2026-10-05T13:10:21.419Z"
"van","YN17SDV","£10,995","+VAT","FROM £230 P/M","230","231","1","FROM £231 P/M","READY","","1100ef25-bac3-4890-b436-b48347f4a685","2026-10-05T11:03:51.110Z"
"van","YP20NZY","£16,995","+VAT","FROM £355 P/M","355","357","2","FROM £357 P/M","READY","","115503ef-79eb-4300-95f9-b1b5c1664061","2026-10-05T07:18:31.056Z"
"van","YP69SYO","£11,495","+VAT","FROM £240 P/M","240","242","2","FROM £242 P/M","READY","","402b78a1-d509-4511-b760-34e8ec769096","2026-10-05T13:17:15.783Z"
"van","YP69XYB","£ 9,295","+VAT","FROM £194 P/M","194","196","2","FROM £196 P/M","READY","","1adb082a-b00f-4e28-a1e5-9dfd4cf6cf7d","2026-10-05T12:15:35.065Z"
"van","YP73FXS","£17,795","+VAT","FROM £371 P/M","371","374","3","FROM £374 P/M","READY","","5d5d60c6-b62d-40ca-8a10-72767bda9c13","2026-10-05T11:50:58.427Z"
"van","YR22TMO","£13,995","+VAT","FROM £292 P/M","292","294","2","FROM £294 P/M","READY","","66d9e670-6f49-4fa8-a44a-5c338775ddfa","2026-10-05T12:24:55.465Z"
"van","YR68JYL","£14,795","+VAT","FROM £309 P/M","309","311","2","FROM £311 P/M","READY","","0e89ff1a-37fe-4441-b0b5-dd07a0013e98","2026-10-04T18:12:57.021Z"
"van","YR72ZKN","£13,495","+VAT","FROM £282 P/M","282","284","2","FROM £284 P/M","READY","","a5a5719f-8d3b-4dab-b2a1-ca189d87d332","2026-10-08T13:19:06.492Z"
"van","YS21XUN","£9,295","+VAT","FROM £194 P/M","194","196","2","FROM £196 P/M","READY","","5c08edd0-1bda-4c78-85e5-e2de7e2118e9","2026-10-05T13:26:18.536Z"
